{"data": [{"ObjectIdentifier": "S-1-5-21-1707003660-2550193766-573097819", "Properties": {"name": "NORTH.SEVENKINGDOMS.LOCAL", "domain": "NORTH.SEVENKINGDOMS.LOCAL", "domainsid": "S-1-5-21-1707003660-2550193766-573097819", "distinguishedname": "DC=NORTH,DC=SEVENKINGDOMS,DC=LOCAL", "description": "", "functionallevel": "2016", "highvalue": true, "whencreated": 1739397528}, "Trusts": [{"TargetDomainName": "SEVENKINGDOMS.LOCAL", "TargetDomainSid": "S-1-5-21-3513573909-931511588-3446153884", "IsTransitive": true, "TrustDirection": 3, "TrustType": 0, "SidFilteringEnabled": false}], "Aces": [{"RightName": "Owns", "IsInherited": false, "PrincipalSID": "NORTH.SEVENKINGDOMS.LOCAL-S-1-5-32-544", "PrincipalType": "Group"}, {"RightName": "GetChanges", "IsInherited": false, "PrincipalSID": "S-1-5-21-3513573909-931511588-3446153884-498", "PrincipalType": "Group"}, {"RightName": "GetChangesAll", "IsInherited": false, "PrincipalSID": "S-1-5-21-1707003660-2550193766-573097819-516", "PrincipalType": "Group"}, {"RightName": "GetChangesInFilteredSet", "IsInherited": false, "PrincipalSID": "NORTH.SEVENKINGDOMS.LOCAL-S-1-5-32-544", "PrincipalType": "Group"}, {"RightName": "GetChanges", "IsInherited": false, "PrincipalSID": "NORTH.SEVENKINGDOMS.LOCAL-S-1-5-32-544", "PrincipalType": "Group"}, {"RightName": "GetChangesAll", "IsInherited": false, "PrincipalSID": "NORTH.SEVENKINGDOMS.LOCAL-S-1-5-32-544", "PrincipalType": "Group"}, {"RightName": "GetChangesInFilteredSet", "IsInherited": false, "PrincipalSID": "NORTH.SEVENKINGDOMS.LOCAL-S-1-5-9", "PrincipalType": "Group"}, {"RightName": "GetChanges", "IsInherited": false, "PrincipalSID": "NORTH.SEVENKINGDOMS.LOCAL-S-1-5-9", "PrincipalType": "Group"}, {"RightName": "WriteOwner", "IsInherited": false, "PrincipalSID": "S-1-5-21-1707003660-2550193766-573097819-512", "PrincipalType": "Group"}, {"RightName": "AllExtendedRights", "IsInherited": false, "PrincipalSID": "S-1-5-21-1707003660-2550193766-573097819-512", "PrincipalType": "Group"}, {"RightName": "WriteDacl", "IsInherited": false, "PrincipalSID": "S-1-5-21-1707003660-2550193766-573097819-512", "PrincipalType": "Group"}, {"RightName": "GenericAll", "IsInherited": false, "PrincipalSID": "S-1-5-21-3513573909-931511588-3446153884-519", "PrincipalType": "Group"}, {"RightName": "WriteOwner", "IsInherited": false, "PrincipalSID": "NORTH.SEVENKINGDOMS.LOCAL-S-1-5-32-544", "PrincipalType": "Group"}, {"RightName": "AllExtendedRights", "IsInherited": false, "PrincipalSID": "NORTH.SEVENKINGDOMS.LOCAL-S-1-5-32-544", "PrincipalType": "Group"}, {"RightName": "WriteDacl", "IsInherited": false, "PrincipalSID": "NORTH.SEVENKINGDOMS.LOCAL-S-1-5-32-544", "PrincipalType": "Group"}], "Links": [{"IsEnforced": false, "GUID": "C715D14A-19ED-4C89-A4DC-21E5B1CA7699"}, {"IsEnforced": false, "GUID": "62A6840B-B5A3-470A-91C8-C8AC6C3CD82B"}], "ChildObjects": [{"ObjectIdentifier": "3FA23847-2B54-417E-85B6-CD22DC38B7BE", "ObjectType": "Container"}, {"ObjectIdentifier": "A8ED3362-28A4-47C1-B74A-4485135B6847", "ObjectType": "Container"}, {"ObjectIdentifier": "C03CA029-9EC2-47CF-A439-09758362B186", "ObjectType": "Container"}, {"ObjectIdentifier": "B3A33BB0-DB07-4EF4-A952-29ECB81C8D19", "ObjectType": "OU"}, {"ObjectIdentifier": "46779092-5758-4BEA-9E7B-4665A3092692", "ObjectType": "Container"}], "GPOChanges": {"AffectedComputers": [], "DcomUsers": [], "LocalAdmins": [], "PSRemoteUsers": [], "RemoteDesktopUsers": []}, "IsDeleted": false, "IsACLProtected": false}], "meta": {"type": "domains", "count": 1, "version": 5}}