{"data":[{"ObjectIdentifier": "S-1-5-21-1707003660-2550193766-573097819-1105", "AllowedToAct": [], "PrimaryGroupSID": "S-1-5-21-1707003660-2550193766-573097819-515", "LocalAdmins": {"Collected": true, "FailureReason": null, "Results": []}, "PSRemoteUsers": {"Collected": true, "FailureReason": null, "Results": []}, "Properties": {"name": "CASTELBLACK.NORTH.SEVENKINGDOMS.LOCAL", "domainsid": "S-1-5-21-1707003660-2550193766-573097819", "domain": "NORTH.SEVENKINGDOMS.LOCAL", "distinguishedname": "CN=CASTELBLACK,CN=COMPUTERS,DC=NORTH,DC=SEVENKINGDOMS,DC=LOCAL", "unconstraineddelegation": false, "enabled": true, "trustedtoauth": false, "samaccountname": "CASTELBLACK$", "haslaps": false, "lastlogon": 1746623674, "lastlogontimestamp": 1746312197, "pwdlastset": 1744675964, "whencreated": 1739398183, "serviceprincipalnames": ["HTTP/winterfell.north.sevenkingdoms.local", "WSMAN/castelblack", "WSMAN/castelblack.north.sevenkingdoms.local", "TERMSRV/CASTELBLACK", "TERMSRV/castelblack.north.sevenkingdoms.local", "RestrictedKrbHost/CASTELBLACK", "HOST/CASTELBLACK", "RestrictedKrbHost/castelblack.north.sevenkingdoms.local", "HOST/castelblack.north.sevenkingdoms.local"], "description": null, "operatingsystem": "Windows Server 2019 Datacenter", "sidhistory": [], "allowedtodelegate": ["HTTP/winterfell", "HTTP/winterfell.north.sevenkingdoms.local"]}, "RemoteDesktopUsers": {"Collected": true, "FailureReason": null, "Results": []}, "DcomUsers": {"Collected": true, "FailureReason": null, "Results": []}, "AllowedToDelegate": [{"ObjectIdentifier": "S-1-5-21-1707003660-2550193766-573097819-1002", "ObjectType": "Computer"}, {"ObjectIdentifier": "S-1-5-21-1707003660-2550193766-573097819-1002", "ObjectType": "Computer"}], "Sessions": {"Collected": true, "FailureReason": null, "Results": []}, "PrivilegedSessions": {"Collected": false, "FailureReason": null, "Results": []}, "RegistrySessions": {"Collected": false, "FailureReason": null, "Results": []}, "Aces": [{"RightName": "Owns", "IsInherited": false, "PrincipalSID": "S-1-5-21-1707003660-2550193766-573097819-512", "PrincipalType": "Group"}, {"RightName": "GenericAll", "IsInherited": false, "PrincipalSID": "S-1-5-21-1707003660-2550193766-573097819-512", "PrincipalType": "Group"}, {"RightName": "GenericAll", "IsInherited": false, "PrincipalSID": "NORTH.SEVENKINGDOMS.LOCAL-S-1-5-32-548", "PrincipalType": "Group"}, {"RightName": "AddKeyCredentialLink", "IsInherited": true, "PrincipalSID": "S-1-5-21-1707003660-2550193766-573097819-526", "PrincipalType": "Group"}, {"RightName": "AddKeyCredentialLink", "IsInherited": true, "PrincipalSID": "S-1-5-21-3513573909-931511588-3446153884-527", "PrincipalType": "Group"}, {"RightName": "GenericAll", "IsInherited": true, "PrincipalSID": "S-1-5-21-3513573909-931511588-3446153884-519", "PrincipalType": "Group"}, {"RightName": "GenericWrite", "IsInherited": true, "PrincipalSID": "NORTH.SEVENKINGDOMS.LOCAL-S-1-5-32-544", "PrincipalType": "Group"}, {"RightName": "WriteOwner", "IsInherited": true, "PrincipalSID": "NORTH.SEVENKINGDOMS.LOCAL-S-1-5-32-544", "PrincipalType": "Group"}, {"RightName": "WriteDacl", "IsInherited": true, "PrincipalSID": "NORTH.SEVENKINGDOMS.LOCAL-S-1-5-32-544", "PrincipalType": "Group"}], "HasSIDHistory": [], "IsDeleted": false, "Status": null, "IsACLProtected": false},{"ObjectIdentifier": "S-1-5-21-1707003660-2550193766-573097819-1002", "AllowedToAct": [], "PrimaryGroupSID": "S-1-5-21-1707003660-2550193766-573097819-516", "LocalAdmins": {"Collected": true, "FailureReason": null, "Results": [{"ObjectIdentifier": "S-1-5-21-1707003660-2550193766-573097819-500", "ObjectType": "User"}, {"ObjectIdentifier": "S-1-5-21-1707003660-2550193766-573097819-1000", "ObjectType": "User"}, {"ObjectIdentifier": "S-1-5-21-1707003660-2550193766-573097819-512", "ObjectType": "Group"}, {"ObjectIdentifier": "S-1-5-21-3513573909-931511588-3446153884-519", "ObjectType": "Group"}, {"ObjectIdentifier": "S-1-5-21-1707003660-2550193766-573097819-1112", "ObjectType": "User"}, {"ObjectIdentifier": "S-1-5-21-1707003660-2550193766-573097819-1113", "ObjectType": "User"}, {"ObjectIdentifier": "S-1-5-21-1707003660-2550193766-573097819-1114", "ObjectType": "User"}]}, "PSRemoteUsers": {"Collected": true, "FailureReason": null, "Results": []}, "Properties": {"name": "WINTERFELL.NORTH.SEVENKINGDOMS.LOCAL", "domainsid": "S-1-5-21-1707003660-2550193766-573097819", "domain": "NORTH.SEVENKINGDOMS.LOCAL", "distinguishedname": "CN=WINTERFELL,OU=DOMAIN CONTROLLERS,DC=NORTH,DC=SEVENKINGDOMS,DC=LOCAL", "unconstraineddelegation": true, "enabled": true, "trustedtoauth": false, "samaccountname": "WINTERFELL$", "haslaps": false, "lastlogon": 1746598931, "lastlogontimestamp": 1745792531, "pwdlastset": 1744749652, "whencreated": 1739397585, "serviceprincipalnames": ["ldap/winterfell.north.sevenkingdoms.local/DomainDnsZones.north.sevenkingdoms.local", "ldap/winterfell.north.sevenkingdoms.local/ForestDnsZones.sevenkingdoms.local", "Dfsr-12F9A27C-BF97-4787-9364-D31B6C55EB04/winterfell.north.sevenkingdoms.local", "TERMSRV/WINTERFELL", "TERMSRV/winterfell.north.sevenkingdoms.local", "DNS/winterfell.north.sevenkingdoms.local", "GC/winterfell.north.sevenkingdoms.local/sevenkingdoms.local", "RestrictedKrbHost/winterfell.north.sevenkingdoms.local", "RestrictedKrbHost/WINTERFELL", "RPC/014a7418-0e20-43a6-aa47-f236bbe79fa1._msdcs.sevenkingdoms.local", "HOST/WINTERFELL/NORTH", "HOST/winterfell.north.sevenkingdoms.local/NORTH", "HOST/WINTERFELL", "HOST/winterfell.north.sevenkingdoms.local", "HOST/winterfell.north.sevenkingdoms.local/north.sevenkingdoms.local", "E3514235-4B06-11D1-AB04-00C04FC2DCD2/014a7418-0e20-43a6-aa47-f236bbe79fa1/north.sevenkingdoms.local", "ldap/WINTERFELL/NORTH", "ldap/014a7418-0e20-43a6-aa47-f236bbe79fa1._msdcs.sevenkingdoms.local", "ldap/winterfell.north.sevenkingdoms.local/NORTH", "ldap/WINTERFELL", "ldap/winterfell.north.sevenkingdoms.local", "ldap/winterfell.north.sevenkingdoms.local/north.sevenkingdoms.local"], "description": null, "operatingsystem": "Windows Server 2019 Datacenter", "sidhistory": []}, "RemoteDesktopUsers": {"Collected": true, "FailureReason": null, "Results": [{"ObjectIdentifier": "S-1-5-21-1707003660-2550193766-573097819-1107", "ObjectType": "Group"}]}, "DcomUsers": {"Collected": true, "FailureReason": null, "Results": []}, "AllowedToDelegate": [], "Sessions": {"Collected": true, "FailureReason": null, "Results": []}, "PrivilegedSessions": {"Collected": false, "FailureReason": null, "Results": []}, "RegistrySessions": {"Collected": false, "FailureReason": null, "Results": []}, "Aces": [{"RightName": "Owns", "IsInherited": false, "PrincipalSID": "S-1-5-21-1707003660-2550193766-573097819-512", "PrincipalType": "Group"}, {"RightName": "GenericAll", "IsInherited": false, "PrincipalSID": "S-1-5-21-1707003660-2550193766-573097819-512", "PrincipalType": "Group"}, {"RightName": "AddKeyCredentialLink", "IsInherited": true, "PrincipalSID": "S-1-5-21-1707003660-2550193766-573097819-526", "PrincipalType": "Group"}, {"RightName": "AddKeyCredentialLink", "IsInherited": true, "PrincipalSID": "S-1-5-21-3513573909-931511588-3446153884-527", "PrincipalType": "Group"}, {"RightName": "GenericAll", "IsInherited": true, "PrincipalSID": "S-1-5-21-3513573909-931511588-3446153884-519", "PrincipalType": "Group"}, {"RightName": "GenericWrite", "IsInherited": true, "PrincipalSID": "NORTH.SEVENKINGDOMS.LOCAL-S-1-5-32-544", "PrincipalType": "Group"}, {"RightName": "WriteOwner", "IsInherited": true, "PrincipalSID": "NORTH.SEVENKINGDOMS.LOCAL-S-1-5-32-544", "PrincipalType": "Group"}, {"RightName": "WriteDacl", "IsInherited": true, "PrincipalSID": "NORTH.SEVENKINGDOMS.LOCAL-S-1-5-32-544", "PrincipalType": "Group"}], "HasSIDHistory": [], "IsDeleted": false, "Status": null, "IsACLProtected": false}],"meta":{"methods":0,"type":"computers","count":2, "version":5}}